INSERT INTO public.locations (id, city, country) VALUES (321, 'London', 'Great Britain');
INSERT INTO public.locations (id, city, country) VALUES (322, 'Paris', 'France');
INSERT INTO public.locations (id, city, country) VALUES (323, 'Berlin', 'Germany');
INSERT INTO public.locations (id, city, country) VALUES (324, 'Marseille', 'France');
INSERT INTO public.locations (id, city, country) VALUES (325, 'Strasbourg', 'France');
INSERT INTO public.locations (id, city, country) VALUES (326, 'Bordeaux', 'France');
INSERT INTO public.locations (id, city, country) VALUES (327, 'Barcelona', 'Spain');
INSERT INTO public.locations (id, city, country) VALUES (328, 'Madrid', 'Spain');
INSERT INTO public.locations (id, city, country) VALUES (329, 'Dortmund', 'Germany');
INSERT INTO public.locations (id, city, country) VALUES (330, 'Antwerp', 'Belgium');
INSERT INTO public.locations (id, city, country) VALUES (421, 'Bremen', 'Great Britain');
INSERT INTO public.locations (id, city, country) VALUES (422, 'Lion', 'France');
INSERT INTO public.locations (id, city, country) VALUES (423, 'Dortmynd', 'Germany');
INSERT INTO public.locations (id, city, country) VALUES (424, 'MOnte-karlo', 'France');
INSERT INTO public.locations (id, city, country) VALUES (425, 'Promin', 'France');
INSERT INTO public.locations (id, city, country) VALUES (426, 'Mono', 'France');
INSERT INTO public.locations (id, city, country) VALUES (427, 'Madrid', 'Spain');
INSERT INTO public.locations (id, city, country) VALUES (428, 'Malta', 'Spain');
INSERT INTO public.locations (id, city, country) VALUES (429, 'Berlin', 'Germany');
INSERT INTO public.locations (id, city, country) VALUES (430, 'Lormon', 'Belgium');
INSERT INTO public.locations (id, city, country) VALUES (1, 'Kiev', 'Ukraine');
INSERT INTO public.locations (id, city, country) VALUES (2, 'Athens', 'Greece');
INSERT INTO public.locations (id, city, country) VALUES (3, 'Ottawa', 'Canada');
INSERT INTO public.locations (id, city, country) VALUES (4, 'Rome', 'Italy');
INSERT INTO public.locations (id, city, country) VALUES (5, 'Warsaw', 'Poland');
INSERT INTO public.locations (id, city, country) VALUES (6, 'Bern', 'Switzerland');
INSERT INTO public.locations (id, city, country) VALUES (7, 'Vienna', 'Austria');

INSERT INTO public.locations (id, city, country) VALUES (101, 'Wien', 'Austria');
INSERT INTO public.locations (id, city, country) VALUES (102, 'Graz', 'Austria');
INSERT INTO public.locations (id, city, country) VALUES (103, 'Gliwice', 'Poland');
INSERT INTO public.locations (id, city, country) VALUES (104, 'Budapest', 'Ungarn');
INSERT INTO public.locations (id, city, country) VALUES (105, 'Klagenfurt', 'Austria');
INSERT INTO public.locations (id, city, country) VALUES (106, 'Melburn', 'Australia');
INSERT INTO public.locations (id, city, country) VALUES (107, 'Phoenix', 'USA');
INSERT INTO public.locations (id, city, country) VALUES (108, 'LA', 'USA');
INSERT INTO public.locations (id, city, country) VALUES (109, 'Lviv', 'Ukraine');
INSERT INTO public.locations (id, city, country) VALUES (110, 'Oslo', 'Denmark');

INSERT INTO public.products_categories (id, category_name) VALUES (351, 'Fruits');
INSERT INTO public.products_categories (id, category_name) VALUES (352, 'Vegetables');
INSERT INTO public.products_categories (id, category_name) VALUES (353, 'Electronics');
INSERT INTO public.products_categories (id, category_name) VALUES (354, 'Clothing');
INSERT INTO public.products_categories (id, category_name) VALUES (451, 'animal');
INSERT INTO public.products_categories (id, category_name) VALUES (452, 'bud materials');
INSERT INTO public.products_categories (id, category_name) VALUES (511, 'Food');
INSERT INTO public.products_categories (id, category_name) VALUES (512, 'Furniture');
INSERT INTO public.products_categories (id, category_name) VALUES (513, 'Household products');






INSERT INTO public.users (id, first_name, last_name, location_id) VALUES (301, 'Anne', 'Lamonica', 321);
INSERT INTO public.users (id, first_name, last_name, location_id) VALUES (302, 'Shanta', 'Spainhour', 322);
INSERT INTO public.users (id, first_name, last_name, location_id) VALUES (303, 'Kiersten', 'Plemons', 323);
INSERT INTO public.users (id, first_name, last_name, location_id) VALUES (304, 'Karan', 'Guynes', 324);
INSERT INTO public.users (id, first_name, last_name, location_id) VALUES (305, 'Emogene', 'Gowdy', 325);
INSERT INTO public.users (id, first_name, last_name, location_id) VALUES (306, 'Leoma', 'Almy', 326);
INSERT INTO public.users (id, first_name, last_name, location_id) VALUES (307, 'Shirlene', 'Mckeever', 327);
INSERT INTO public.users (id, first_name, last_name, location_id) VALUES (308, 'Juli', 'Curnutte', 328);
INSERT INTO public.users (id, first_name, last_name, location_id) VALUES (309, 'Kecia', 'Reily', 329);
INSERT INTO public.users (id, first_name, last_name, location_id) VALUES (310, 'Milton', 'Hewey', 330);
INSERT INTO public.users (id, first_name, last_name, location_id) VALUES (331, 'Francisco', 'Clarke', 321);
INSERT INTO public.users (id, first_name, last_name, location_id) VALUES (332, 'Kelvin', 'Ashline', 322);
INSERT INTO public.users (id, first_name, last_name, location_id) VALUES (333, 'Kareem', 'Tocco', 323);
INSERT INTO public.users (id, first_name, last_name, location_id) VALUES (334, 'Allen', 'Stockman ', 324);
INSERT INTO public.users (id, first_name, last_name, location_id) VALUES (335, 'Derick', 'Lonzo', 325);
INSERT INTO public.users (id, first_name, last_name, location_id) VALUES (1000, 'ASASA', 'ASDADASD', 322);
INSERT INTO public.users (id, first_name, last_name, location_id) VALUES (1001, 'France User', 'France User', 324);
INSERT INTO public.users (id, first_name, last_name, location_id) VALUES (1, 'Carletta', 'Quintanilla', 1);
INSERT INTO public.users (id, first_name, last_name, location_id) VALUES (2, 'Melvina', 'Crosby', 2);
INSERT INTO public.users (id, first_name, last_name, location_id) VALUES (3, 'Hoyt ', ' Helfer', 3);
INSERT INTO public.users (id, first_name, last_name, location_id) VALUES (4, 'Makeda', 'Bolick', 3);
INSERT INTO public.users (id, first_name, last_name, location_id) VALUES (5, 'Cory', 'Gillam', 4);
INSERT INTO public.users (id, first_name, last_name, location_id) VALUES (6, 'Deshawn', 'Goodspeed', 4);
INSERT INTO public.users (id, first_name, last_name, location_id) VALUES (7, 'Charleen', 'Fondren', 5);
INSERT INTO public.users (id, first_name, last_name, location_id) VALUES (8, 'Kyoko', 'Vitela', 7);
INSERT INTO public.users (id, first_name, last_name, location_id) VALUES (9, 'Ka', 'Tennant', 3);
INSERT INTO public.users (id, first_name, last_name, location_id) VALUES (10, 'Margrett', 'Stumpff', 3);
INSERT INTO public.users (id, first_name, last_name, location_id) VALUES (514, 'Kimber
', 'Thorn', 321);
INSERT INTO public.users (id, first_name, last_name, location_id) VALUES (515, 'Ardis
', 'Emert', 323);
INSERT INTO public.users (id, first_name, last_name, location_id) VALUES (516, 'Bambi
', 'Gebo', 324);
INSERT INTO public.users (id, first_name, last_name, location_id) VALUES (517, 'Louvenia
', 'Kervin', 330);
INSERT INTO public.users (id, first_name, last_name, location_id) VALUES (518, 'Diamond', 'Sargent', 329);
INSERT INTO public.users (id, first_name, last_name, location_id) VALUES (519, 'Sage
', 'Lindholm', 328);
INSERT INTO public.users (id, first_name, last_name, location_id) VALUES (520, 'Roslyn
', 'Fairbank', 325);
INSERT INTO public.users (id, first_name, last_name, location_id) VALUES (521, 'Lynda', 'Mouton', 327);
INSERT INTO public.users (id, first_name, last_name, location_id) VALUES (522, 'Natasha', 'Serrato', 330);
INSERT INTO public.users (id, first_name, last_name, location_id) VALUES (523, 'Johnson', 'Youssef', 322);
INSERT INTO public.users (id, first_name, last_name, location_id) VALUES (595, 'Anna', 'Preslar', 321);
INSERT INTO public.users (id, first_name, last_name, location_id) VALUES (596, 'Tyson', 'Netzer', 322);
INSERT INTO public.users (id, first_name, last_name, location_id) VALUES (597, 'Debby', 'Brouillard', 323);
INSERT INTO public.users (id, first_name, last_name, location_id) VALUES (598, 'Tamica', 'Brasil', 324);
INSERT INTO public.users (id, first_name, last_name, location_id) VALUES (599, 'Dione', 'Acosta', 325);
INSERT INTO public.users (id, first_name, last_name, location_id) VALUES (401, 'Loven', 'Great', 421);
INSERT INTO public.users (id, first_name, last_name, location_id) VALUES (402, 'Vawe', 'Drom', 422);
INSERT INTO public.users (id, first_name, last_name, location_id) VALUES (403, 'Sherill', 'Muncy', 423);
INSERT INTO public.users (id, first_name, last_name, location_id) VALUES (404, 'Vernetta', 'Bellone', 424);
INSERT INTO public.users (id, first_name, last_name, location_id) VALUES (405, 'Jenise', 'Dow', 425);
INSERT INTO public.users (id, first_name, last_name, location_id) VALUES (406, 'Shenita', 'Lindholm', 426);
INSERT INTO public.users (id, first_name, last_name, location_id) VALUES (407, 'Kaci', 'Turcios', 427);
INSERT INTO public.users (id, first_name, last_name, location_id) VALUES (408, 'Chassidy', 'Wingo', 428);
INSERT INTO public.users (id, first_name, last_name, location_id) VALUES (409, 'Geri', 'Maples', 429);
INSERT INTO public.users (id, first_name, last_name, location_id) VALUES (410, 'Gregg', 'Crimi', 430);
INSERT INTO public.users (id, first_name, last_name, location_id) VALUES (431, 'Alonzo', 'Palos', 422);
INSERT INTO public.users (id, first_name, last_name, location_id) VALUES (432, 'Darrin', 'Tortora', 423);
INSERT INTO public.users (id, first_name, last_name, location_id) VALUES (433, 'Zena', 'Stratford', 424);
INSERT INTO public.users (id, first_name, last_name, location_id) VALUES (434, 'Rossana', 'Yorke', 425);
INSERT INTO public.users (id, first_name, last_name, location_id) VALUES (435, 'Noble', 'Toews', 425);
INSERT INTO public.users (id, first_name, last_name, location_id) VALUES (111, 'Liz', 'Lafollette', 101);
INSERT INTO public.users (id, first_name, last_name, location_id) VALUES (112, 'Sierra', 'Tresher', 102);
INSERT INTO public.users (id, first_name, last_name, location_id) VALUES (113, 'Mike', 'Nielsen', 103);
INSERT INTO public.users (id, first_name, last_name, location_id) VALUES (114, 'Rick', 'Grimes', 104);
INSERT INTO public.users (id, first_name, last_name, location_id) VALUES (115, 'Artur', 'King', 105);
INSERT INTO public.users (id, first_name, last_name, location_id) VALUES (116, 'Konan', 'Doile', 106);
INSERT INTO public.users (id, first_name, last_name, location_id) VALUES (117, 'Kirk', 'Hammet', 107);
INSERT INTO public.users (id, first_name, last_name, location_id) VALUES (118, 'Dirk', 'Parkinson', 108);
INSERT INTO public.users (id, first_name, last_name, location_id) VALUES (119, 'Mike', 'Bill', 109);
INSERT INTO public.users (id, first_name, last_name, location_id) VALUES (120, 'Shakil', 'Neil', 110);
INSERT INTO public.users (id, first_name, last_name, location_id) VALUES (121, 'Duck', 'Olafson', 101);
INSERT INTO public.users (id, first_name, last_name, location_id) VALUES (122, 'Gunther', 'Osaka', 102);
INSERT INTO public.users (id, first_name, last_name, location_id) VALUES (123, 'Danie', 'Ogren', 103);
INSERT INTO public.users (id, first_name, last_name, location_id) VALUES (124, 'Troy', 'Florey', 104);
INSERT INTO public.users (id, first_name, last_name, location_id) VALUES (125, 'Foster', 'Mickey', 105);

INSERT INTO public.customers (user_id) VALUES (331);
INSERT INTO public.customers (user_id) VALUES (332);
INSERT INTO public.customers (user_id) VALUES (333);
INSERT INTO public.customers (user_id) VALUES (334);
INSERT INTO public.customers (user_id) VALUES (335);
INSERT INTO public.customers (user_id) VALUES (1001);
INSERT INTO public.customers (user_id) VALUES (431);
INSERT INTO public.customers (user_id) VALUES (432);
INSERT INTO public.customers (user_id) VALUES (433);
INSERT INTO public.customers (user_id) VALUES (434);
INSERT INTO public.customers (user_id) VALUES (435);
INSERT INTO public.customers (user_id) VALUES (1);
INSERT INTO public.customers (user_id) VALUES (2);
INSERT INTO public.customers (user_id) VALUES (3);
INSERT INTO public.customers (user_id) VALUES (4);
INSERT INTO public.customers (user_id) VALUES (5);
INSERT INTO public.customers (user_id) VALUES (6);
INSERT INTO public.customers (user_id) VALUES (514);
INSERT INTO public.customers (user_id) VALUES (515);
INSERT INTO public.customers (user_id) VALUES (516);
INSERT INTO public.customers (user_id) VALUES (517);
INSERT INTO public.customers (user_id) VALUES (123);
INSERT INTO public.customers (user_id) VALUES (124);
INSERT INTO public.customers (user_id) VALUES (125);
INSERT INTO public.customers (user_id) VALUES (121);
INSERT INTO public.customers (user_id) VALUES (122);




INSERT INTO public.employees (user_id, chief_id, birth_date, hire_date, address, notes) VALUES (302, 301, '1971-02-20', '1994-05-23', '1496  Pooz Street', NULL);
INSERT INTO public.employees (user_id, chief_id, birth_date, hire_date, address, notes) VALUES (303, 301, '1971-05-27', '1994-09-29', '2134  Woodland Drive', NULL);
INSERT INTO public.employees (user_id, chief_id, birth_date, hire_date, address, notes) VALUES (304, 301, '1976-01-29', '1994-11-17', '600  Cimmaron Road', NULL);
INSERT INTO public.employees (user_id, chief_id, birth_date, hire_date, address, notes) VALUES (305, 301, '1981-05-11', '2007-03-10', '411  West Drive', NULL);
INSERT INTO public.employees (user_id, chief_id, birth_date, hire_date, address, notes) VALUES (307, 306, '1984-03-20', '2004-03-10', '2929  Bassel Street', NULL);
INSERT INTO public.employees (user_id, chief_id, birth_date, hire_date, address, notes) VALUES (308, 306, '1985-04-09', '2007-04-13', '2111  Meadowcrest Lane', NULL);
INSERT INTO public.employees (user_id, chief_id, birth_date, hire_date, address, notes) VALUES (309, 306, '1989-01-26', '2010-07-13', '3990  High Meadow Lane', NULL);
INSERT INTO public.employees (user_id, chief_id, birth_date, hire_date, address, notes) VALUES (310, 306, '1991-07-22', '2010-02-27', '3494  Cinnamon Lane', NULL);
INSERT INTO public.employees (user_id, chief_id, birth_date, hire_date, address) VALUES (401, 402, '1972-03-21', '1998-08-30', '1568  Pooz Rooreet');
INSERT INTO public.employees (user_id, chief_id, birth_date, hire_date, address) VALUES (403, 402, '1975-06-15', '1999-09-29', '3154  Myra Street');
INSERT INTO public.employees (user_id, chief_id, birth_date, hire_date, address) VALUES (404, 402, '1976-02-22', '2000-09-15', '879  Buck Drive');
INSERT INTO public.employees (user_id, chief_id, birth_date, hire_date, address) VALUES (406, 402, '1979-07-21', '2001-07-16', '3177  Kelly Drive');
INSERT INTO public.employees (user_id, chief_id, birth_date, hire_date, address) VALUES (407, 405, '1982-07-21', '2004-02-11', '2285  Sundown Lane');
INSERT INTO public.employees (user_id, chief_id, birth_date, hire_date, address) VALUES (408, 405, '1989-06-15', '2005-08-12', '4215  Meadowcrest Lane');
INSERT INTO public.employees (user_id, chief_id, birth_date, hire_date, address) VALUES (409, 405, '1986-09-30', '2006-06-14', '4564  High Meadow Lane');
INSERT INTO public.employees (user_id, chief_id, birth_date, hire_date, address) VALUES (410, 405, '1989-04-21', '2008-03-13', '2285  Sundownsad Lane');
INSERT INTO public.employees (user_id, chief_id, birth_date, hire_date, address) VALUES (7, 8, '1985-06-03', '2010-06-02', '29  Bassel Street');
INSERT INTO public.employees (user_id, chief_id, birth_date, hire_date, address) VALUES (8, 309, '1980-05-02', '2010-07-05', '9  Bassel Street');
INSERT INTO public.employees (user_id, chief_id, birth_date, hire_date, address) VALUES (9, 8, '1984-06-01', '2011-03-06', '292  Bassel Street');
INSERT INTO public.employees (user_id, chief_id, birth_date, hire_date, address) VALUES (10, 310, '1986-04-03', '1012-03-03', '2  Bassel Street');

INSERT INTO public.employees (user_id, chief_id, birth_date, hire_date, address, notes) VALUES (518, 301, '1986-08-21', '2014-10-08', '2154  Harley Vincent Drive', NULL);
INSERT INTO public.employees (user_id, chief_id, birth_date, hire_date, address, notes) VALUES (519, 301, '1989-05-03', '2015-11-16', '3115  Brownton Road', NULL);
INSERT INTO public.employees (user_id, chief_id, birth_date, hire_date, address, notes) VALUES (520, 301, '1991-02-18', '2016-01-28', '3467  Emily Renzelli Boulevard', NULL);
INSERT INTO public.employees (user_id, chief_id, birth_date, hire_date, address, notes) VALUES (521, 306, '1991-05-01', '2016-12-16', '4604  Mulberry Lane', NULL);
INSERT INTO public.employees (user_id, chief_id, birth_date, hire_date, address, notes) VALUES (522, 306, '1992-11-17', '2017-01-12', '4925  Perine Street', NULL);
INSERT INTO public.employees (user_id, chief_id, birth_date, hire_date, address, notes) VALUES (523, 306, '1993-02-12', '2017-10-27', '4146  Powder House Road', NULL);
INSERT INTO public.employees (user_id, chief_id, birth_date, hire_date, address, notes) VALUES (595, 301, '1974-04-03', '1997-08-13', '1312  Wakefield Street', 'Halyna');
INSERT INTO public.employees (user_id, chief_id, birth_date, hire_date, address, notes) VALUES (596, 306, '1977-04-04', '2004-08-03', '3599  Hilltop Drive', 'Halyna');
INSERT INTO public.employees (user_id, chief_id, birth_date, hire_date, address, notes) VALUES (597, 301, '1977-12-22', '2009-01-28', '217  Union Street', 'Halyna');
INSERT INTO public.employees (user_id, chief_id, birth_date, hire_date, address, notes) VALUES (598, 306, '1980-01-21', '2013-02-18', '2839  Dancing Dove Lane', 'Halyna');
INSERT INTO public.employees (user_id, chief_id, birth_date, hire_date, address, notes) VALUES (599, 301, '1987-03-16', '2014-05-30', '3255  Parkway Drive', 'Halyna');

INSERT INTO public.employees (user_id, chief_id, birth_date, hire_date, address) VALUES (112, 111, '1972-05-23', '1983-06-15', '4943  John Daniel Drive');
INSERT INTO public.employees (user_id, chief_id, birth_date, hire_date, address) VALUES (113, 111, '1973-06-23', '1984-06-20', '4846  Haul Road');
INSERT INTO public.employees (user_id, chief_id, birth_date, hire_date, address) VALUES (114, 111, '1973-08-22', '1985-06-06', '1976  Gambler Lane');
INSERT INTO public.employees (user_id, chief_id, birth_date, hire_date, address) VALUES (115, 111, '1980-10-12', '1981-07-06', '1744  Drainer Avenue');
INSERT INTO public.employees (user_id, chief_id, birth_date, hire_date, address) VALUES (117, 111, '1975-10-11', '1990-09-10', '120  Camel Back Road');
INSERT INTO public.employees (user_id, chief_id, birth_date, hire_date, address) VALUES (118, 116, '1945-10-10', '1990-09-09', '3266  Monroe Street');
INSERT INTO public.employees (user_id, chief_id, birth_date, hire_date, address) VALUES (119, 116, '1950-10-10', '1990-11-11', '2553  Maryland Avenue');
INSERT INTO public.employees (user_id, chief_id, birth_date, hire_date, address) VALUES (120, 116, '1960-12-12', '1990-11-12', '3008  Ferry Street');
INSERT INTO public.employees (user_id, chief_id, birth_date, hire_date, address) VALUES (121, 116, '1970-08-13', '1986-11-11', '2214  Private Lane');
INSERT INTO public.employees (user_id, chief_id, birth_date, hire_date, address) VALUES (122, 116, '1972-03-04', '1992-05-05', '2838  Ashton Lane');


INSERT INTO public.products (id, product_name, product_category_id, unit_price, location_id) VALUES (366, 'Mustard greens', 352, 9, 326);
INSERT INTO public.products (id, product_name, product_category_id, unit_price, location_id) VALUES (367, 'Mobile Phone', 353, 250, 328);
INSERT INTO public.products (id, product_name, product_category_id, unit_price, location_id) VALUES (368, 'Camera', 353, 400, 330);
INSERT INTO public.products (id, product_name, product_category_id, unit_price, location_id) VALUES (369, 'T-shirt', 354, 25, 329);
INSERT INTO public.products (id, product_name, product_category_id, unit_price, location_id) VALUES (370, 'Sweaters', 354, 35, 329);
INSERT INTO public.products (id, product_name, product_category_id, unit_price, location_id) VALUES (361, 'Nectarine', 351, 0.4, 322);
INSERT INTO public.products (id, product_name, product_category_id, unit_price, location_id) VALUES (362, 'Papaya', 351, 0.3, 323);
INSERT INTO public.products (id, product_name, product_category_id, unit_price, location_id) VALUES (363, 'Clementine', 351, 0.8, 324);
INSERT INTO public.products (id, product_name, product_category_id, unit_price, location_id) VALUES (365, 'Carrots', 352, 4, 325);
INSERT INTO public.products (id, product_name, product_category_id, unit_price, location_id) VALUES (364, 'Radicchio', 352, 2.2, 324);
INSERT INTO public.products (id, product_name, product_category_id, unit_price, location_id) VALUES (1, 'Waistcoat', 354, 23, 1);
INSERT INTO public.products (id, product_name, product_category_id, unit_price, location_id) VALUES (2, 'Jeans', 354, 34, 2);
INSERT INTO public.products (id, product_name, product_category_id, unit_price, location_id) VALUES (3, 'Skirt', 354, 24, 3);
INSERT INTO public.products (id, product_name, product_category_id, unit_price, location_id) VALUES (4, 'Trousers', 354, 56, 4);
INSERT INTO public.products (id, product_name, product_category_id, unit_price, location_id) VALUES (5, 'Cap', 354, 36, 5);
INSERT INTO public.products (id, product_name, product_category_id, unit_price, location_id) VALUES (6, 'Swimsuit', 354, 76, 6);
INSERT INTO public.products (id, product_name, product_category_id, unit_price, location_id) VALUES (461, 'Apple', 351, 0.5, 425);
INSERT INTO public.products (id, product_name, product_category_id, unit_price, location_id) VALUES (462, 'noyt', 353, 1525, 426);
INSERT INTO public.products (id, product_name, product_category_id, unit_price, location_id) VALUES (463, 'television', 353, 3522, 421);
INSERT INTO public.products (id, product_name, product_category_id, unit_price, location_id) VALUES (464, 'trousers', 354, 350, 422);
INSERT INTO public.products (id, product_name, product_category_id, unit_price, location_id) VALUES (465, 'shorts', 354, 153, 423);
INSERT INTO public.products (id, product_name, product_category_id, unit_price, location_id) VALUES (466, 'cat', 451, 150, 429);
INSERT INTO public.products (id, product_name, product_category_id, unit_price, location_id) VALUES (467, 'aligator', 451, 10350, 430);
INSERT INTO public.products (id, product_name, product_category_id, unit_price, location_id) VALUES (468, 'sandwich panels', 452, 30464, 424);
INSERT INTO public.products (id, product_name, product_category_id, unit_price, location_id) VALUES (469, 'tomat', 352, 5.5, 423);
INSERT INTO public.products (id, product_name, product_category_id, unit_price, location_id) VALUES (470, 'ogirok', 352, 10, 426);
INSERT INTO public.products (id, product_name, product_category_id, unit_price, location_id) VALUES (501, 'Butter', 511, 3, 330);
INSERT INTO public.products (id, product_name, product_category_id, unit_price, location_id) VALUES (502, 'Bread', 511, 1, 324);
INSERT INTO public.products (id, product_name, product_category_id, unit_price, location_id) VALUES (503, 'Rice', 511, 2, 328);
INSERT INTO public.products (id, product_name, product_category_id, unit_price, location_id) VALUES (504, 'Flour
', 511, 1.5, 325);
INSERT INTO public.products (id, product_name, product_category_id, unit_price, location_id) VALUES (505, 'Milk', 511, 1, 330);
INSERT INTO public.products (id, product_name, product_category_id, unit_price, location_id) VALUES (506, 'Chair
', 512, 65, 323);
INSERT INTO public.products (id, product_name, product_category_id, unit_price, location_id) VALUES (507, 'Sofa', 512, 230, 323);
INSERT INTO public.products (id, product_name, product_category_id, unit_price, location_id) VALUES (508, 'Carpet', 513, 45, 327);
INSERT INTO public.products (id, product_name, product_category_id, unit_price, location_id) VALUES (509, 'Juice', 511, 3, 328);
INSERT INTO public.products (id, product_name, product_category_id, unit_price, location_id) VALUES (510, 'Chanderlier', 353, 120, 329);

INSERT INTO public.products (id, product_name, product_category_id, unit_price, location_id) VALUES (140, 'tomato', 352, 3, 101);
INSERT INTO public.products (id, product_name, product_category_id, unit_price, location_id) VALUES (141, 'apple', 351, 2, 102);
INSERT INTO public.products (id, product_name, product_category_id, unit_price, location_id) VALUES (142, 'TV', 353, 300, 103);
INSERT INTO public.products (id, product_name, product_category_id, unit_price, location_id) VALUES (143, 'Socks', 354, 5, 105);
INSERT INTO public.products (id, product_name, product_category_id, unit_price, location_id) VALUES (144, 'Cherry', 351, 1, 106);
INSERT INTO public.products (id, product_name, product_category_id, unit_price, location_id) VALUES (145, 'Carrot', 352, 2, 107);
INSERT INTO public.products (id, product_name, product_category_id, unit_price, location_id) VALUES (146, 'Laptop', 353, 700, 108);
INSERT INTO public.products (id, product_name, product_category_id, unit_price, location_id) VALUES (147, 'Dress', 354, 60, 109);
INSERT INTO public.products (id, product_name, product_category_id, unit_price, location_id) VALUES (148, 'Strawberry', 351, 4, 110);
INSERT INTO public.products (id, product_name, product_category_id, unit_price, location_id) VALUES (149, 'Cucumber', 352, 3, 101);
INSERT INTO public.products (id, product_name, product_category_id, unit_price, location_id) VALUES (150, 'Ipad', 353, 800, 102);

INSERT INTO public.orders (id, customer_id, product_name_id, order_date, responsible_employee, delivery_location) VALUES (381, 331, 361, '1998-08-10', 302, 321);
INSERT INTO public.orders (id, customer_id, product_name_id, order_date, responsible_employee, delivery_location) VALUES (382, 332, 362, '2000-03-03', 303, 322);
INSERT INTO public.orders (id, customer_id, product_name_id, order_date, responsible_employee, delivery_location) VALUES (383, 333, 363, '2000-04-12', 304, 323);
INSERT INTO public.orders (id, customer_id, product_name_id, order_date, responsible_employee, delivery_location) VALUES (384, 334, 364, '2001-10-25', 305, 324);
INSERT INTO public.orders (id, customer_id, product_name_id, order_date, responsible_employee, delivery_location) VALUES (385, 335, 365, '2003-01-27', 307, 325);
INSERT INTO public.orders (id, customer_id, product_name_id, order_date, responsible_employee, delivery_location) VALUES (386, 331, 366, '2004-04-14', 308, 326);
INSERT INTO public.orders (id, customer_id, product_name_id, order_date, responsible_employee, delivery_location) VALUES (387, 332, 367, '2006-07-03', 309, 327);
INSERT INTO public.orders (id, customer_id, product_name_id, order_date, responsible_employee, delivery_location) VALUES (388, 333, 368, '2007-11-26', 310, 328);
INSERT INTO public.orders (id, customer_id, product_name_id, order_date, responsible_employee, delivery_location) VALUES (389, 334, 369, '2008-07-16', 302, 329);
INSERT INTO public.orders (id, customer_id, product_name_id, order_date, responsible_employee, delivery_location) VALUES (390, 335, 370, '2015-07-15', 303, 330);
INSERT INTO public.orders (id, customer_id, product_name_id, order_date, responsible_employee, delivery_location) VALUES (1001, 1001, 363, '2012-04-12', 303, 324);
INSERT INTO public.orders (id, customer_id, product_name_id, order_date, responsible_employee, delivery_location) VALUES (1, 1, 1, '2013-04-03', 7, 1);
INSERT INTO public.orders (id, customer_id, product_name_id, order_date, responsible_employee, delivery_location) VALUES (2, 2, 2, '2014-06-05', 7, 2);
INSERT INTO public.orders (id, customer_id, product_name_id, order_date, responsible_employee, delivery_location) VALUES (3, 3, 3, '2014-03-03', 8, 3);
INSERT INTO public.orders (id, customer_id, product_name_id, order_date, responsible_employee, delivery_location) VALUES (4, 4, 4, '2015-04-04', 8, 4);
INSERT INTO public.orders (id, customer_id, product_name_id, order_date, responsible_employee, delivery_location) VALUES (5, 5, 5, '2016-05-05', 9, 5);
INSERT INTO public.orders (id, customer_id, product_name_id, order_date, responsible_employee, delivery_location) VALUES (6, 6, 6, '2016-06-04', 10, 6);
INSERT INTO public.orders (id, customer_id, product_name_id, order_date, responsible_employee, delivery_location) VALUES (481, 431, 461, '1994-09-29', 401, 422);
INSERT INTO public.orders (id, customer_id, product_name_id, order_date, responsible_employee, delivery_location) VALUES (482, 432, 462, '1998-10-30', 403, 427);
INSERT INTO public.orders (id, customer_id, product_name_id, order_date, responsible_employee, delivery_location) VALUES (483, 433, 463, '1999-02-14', 404, 425);
INSERT INTO public.orders (id, customer_id, product_name_id, order_date, responsible_employee, delivery_location) VALUES (484, 434, 464, '2000-05-13', 401, 421);
INSERT INTO public.orders (id, customer_id, product_name_id, order_date, responsible_employee, delivery_location) VALUES (485, 435, 465, '2002-06-14', 406, 429);
INSERT INTO public.orders (id, customer_id, product_name_id, order_date, responsible_employee, delivery_location) VALUES (486, 431, 466, '2003-05-05', 403, 430);
INSERT INTO public.orders (id, customer_id, product_name_id, order_date, responsible_employee, delivery_location) VALUES (487, 432, 467, '2004-08-05', 408, 428);
INSERT INTO public.orders (id, customer_id, product_name_id, order_date, responsible_employee, delivery_location) VALUES (488, 433, 468, '2006-04-01', 410, 423);
INSERT INTO public.orders (id, customer_id, product_name_id, order_date, responsible_employee, delivery_location) VALUES (489, 434, 469, '2007-05-02', 409, 424);
INSERT INTO public.orders (id, customer_id, product_name_id, order_date, responsible_employee, delivery_location) VALUES (490, 435, 470, '2010-02-01', 403, 426);
INSERT INTO public.orders (id, customer_id, product_name_id, order_date, responsible_employee, delivery_location) VALUES (527, 517, 504, '2015-01-28', 521, 330);
INSERT INTO public.orders (id, customer_id, product_name_id, order_date, responsible_employee, delivery_location) VALUES (528, 514, 505, '2015-05-01', 522, 329);
INSERT INTO public.orders (id, customer_id, product_name_id, order_date, responsible_employee, delivery_location) VALUES (529, 515, 506, '2016-08-11', 523, 328);
INSERT INTO public.orders (id, customer_id, product_name_id, order_date, responsible_employee, delivery_location) VALUES (530, 516, 507, '2016-12-12', 518, 327);
INSERT INTO public.orders (id, customer_id, product_name_id, order_date, responsible_employee, delivery_location) VALUES (531, 517, 508, '2017-05-08', 519, 326);
INSERT INTO public.orders (id, customer_id, product_name_id, order_date, responsible_employee, delivery_location) VALUES (532, 514, 509, '2017-08-03', 520, 325);
INSERT INTO public.orders (id, customer_id, product_name_id, order_date, responsible_employee, delivery_location) VALUES (533, 515, 510, '2019-02-27', 521, 324);
INSERT INTO public.orders (id, customer_id, product_name_id, order_date, responsible_employee, delivery_location) VALUES (524, 514, 501, '2014-05-29', 518, 323);
INSERT INTO public.orders (id, customer_id, product_name_id, order_date, responsible_employee, delivery_location) VALUES (525, 515, 502, '2014-02-24', 519, 322);
INSERT INTO public.orders (id, customer_id, product_name_id, order_date, responsible_employee, delivery_location) VALUES (526, 516, 503, '2014-07-01', 520, 321);

INSERT INTO public.orders (id, customer_id, product_name_id, order_date, responsible_employee, delivery_location) VALUES (181, 121, 140, '1998-08-10', 112, NULL);
INSERT INTO public.orders (id, customer_id, product_name_id, order_date, responsible_employee, delivery_location) VALUES (182, 122, 141, '1997-07-09', 113, NULL);
INSERT INTO public.orders (id, customer_id, product_name_id, order_date, responsible_employee, delivery_location) VALUES (183, 123, 142, '2018-02-03', 114, NULL);
INSERT INTO public.orders (id, customer_id, product_name_id, order_date, responsible_employee, delivery_location) VALUES (184, 124, 143, '2017-03-12', 115, NULL);
INSERT INTO public.orders (id, customer_id, product_name_id, order_date, responsible_employee, delivery_location) VALUES (185, 125, 144, '2011-09-09', 117, NULL);
INSERT INTO public.orders (id, customer_id, product_name_id, order_date, responsible_employee, delivery_location) VALUES (186, 121, 145, '2010-10-10', 118, NULL);
INSERT INTO public.orders (id, customer_id, product_name_id, order_date, responsible_employee, delivery_location) VALUES (187, 122, 146, '2017-10-10', 119, NULL);
INSERT INTO public.orders (id, customer_id, product_name_id, order_date, responsible_employee, delivery_location) VALUES (188, 123, 147, '2016-11-11', 120, NULL);
INSERT INTO public.orders (id, customer_id, product_name_id, order_date, responsible_employee, delivery_location) VALUES (189, 124, 148, '2015-11-12', 112, NULL);
INSERT INTO public.orders (id, customer_id, product_name_id, order_date, responsible_employee, delivery_location) VALUES (190, 125, 149, '2014-10-10', 113, NULL);

INSERT INTO public.ordered_products (orders_id, products_id, historical_price, quantity) VALUES (381, 361, 0.1, 3);
INSERT INTO public.ordered_products (orders_id, products_id, historical_price, quantity) VALUES (382, 362, 0.1, 4);
INSERT INTO public.ordered_products (orders_id, products_id, historical_price, quantity) VALUES (383, 363, 0.1, 5);
INSERT INTO public.ordered_products (orders_id, products_id, historical_price, quantity) VALUES (384, 364, 1.1, 3);
INSERT INTO public.ordered_products (orders_id, products_id, historical_price, quantity) VALUES (385, 365, 3, 5);
INSERT INTO public.ordered_products (orders_id, products_id, historical_price, quantity) VALUES (386, 366, 7, 1);
INSERT INTO public.ordered_products (orders_id, products_id, historical_price, quantity) VALUES (387, 367, 100, 1);
INSERT INTO public.ordered_products (orders_id, products_id, historical_price, quantity) VALUES (388, 368, 200, 1);
INSERT INTO public.ordered_products (orders_id, products_id, historical_price, quantity) VALUES (389, 369, 15, 2);
INSERT INTO public.ordered_products (orders_id, products_id, historical_price, quantity) VALUES (390, 370, 10, 3);
INSERT INTO public.ordered_products (orders_id, products_id, historical_price, quantity) VALUES (1, 1, 23, 3);
INSERT INTO public.ordered_products (orders_id, products_id, historical_price, quantity) VALUES (2, 2, 37, 2);
INSERT INTO public.ordered_products (orders_id, products_id, historical_price, quantity) VALUES (3, 3, 55, 1);
INSERT INTO public.ordered_products (orders_id, products_id, historical_price, quantity) VALUES (4, 4, 28, 4);
INSERT INTO public.ordered_products (orders_id, products_id, historical_price, quantity) VALUES (5, 5, 67, 6);
INSERT INTO public.ordered_products (orders_id, products_id, historical_price, quantity) VALUES (6, 6, 35, 3);
INSERT INTO public.ordered_products (orders_id, products_id, historical_price, quantity) VALUES (481, 461, 0.2, 1);
INSERT INTO public.ordered_products (orders_id, products_id, historical_price, quantity) VALUES (482, 462, 1000, 2);
INSERT INTO public.ordered_products (orders_id, products_id, historical_price, quantity) VALUES (483, 463, 1525, 2);
INSERT INTO public.ordered_products (orders_id, products_id, historical_price, quantity) VALUES (484, 464, 100, 3);
INSERT INTO public.ordered_products (orders_id, products_id, historical_price, quantity) VALUES (485, 465, 110, 4);
INSERT INTO public.ordered_products (orders_id, products_id, historical_price, quantity) VALUES (486, 466, 50, 5);
INSERT INTO public.ordered_products (orders_id, products_id, historical_price, quantity) VALUES (487, 467, 1090, 3);
INSERT INTO public.ordered_products (orders_id, products_id, historical_price, quantity) VALUES (488, 468, 11090, 2);
INSERT INTO public.ordered_products (orders_id, products_id, historical_price, quantity) VALUES (489, 469, 1.2, 3);
INSERT INTO public.ordered_products (orders_id, products_id, historical_price, quantity) VALUES (490, 470, 4.3, 2);
INSERT INTO public.ordered_products (orders_id, products_id, historical_price, quantity) VALUES (527, 504, 1, 2);
INSERT INTO public.ordered_products (orders_id, products_id, historical_price, quantity) VALUES (528, 505, 0.5, 1);
INSERT INTO public.ordered_products (orders_id, products_id, historical_price, quantity) VALUES (529, 506, 50, 3);
INSERT INTO public.ordered_products (orders_id, products_id, historical_price, quantity) VALUES (530, 507, 190, 4);
INSERT INTO public.ordered_products (orders_id, products_id, historical_price, quantity) VALUES (531, 508, 35, 1);
INSERT INTO public.ordered_products (orders_id, products_id, historical_price, quantity) VALUES (532, 509, 2, 5);
INSERT INTO public.ordered_products (orders_id, products_id, historical_price, quantity) VALUES (533, 510, 90, 2);
INSERT INTO public.ordered_products (orders_id, products_id, historical_price, quantity) VALUES (524, 501, 2, 3);
INSERT INTO public.ordered_products (orders_id, products_id, historical_price, quantity) VALUES (525, 502, 0.5, 2);
INSERT INTO public.ordered_products (orders_id, products_id, historical_price, quantity) VALUES (181, 140, 0.2, 3);
INSERT INTO public.ordered_products (orders_id, products_id, historical_price, quantity) VALUES (182, 141, 0.3, 4);
INSERT INTO public.ordered_products (orders_id, products_id, historical_price, quantity) VALUES (183, 142, 0.4, 1);
INSERT INTO public.ordered_products (orders_id, products_id, historical_price, quantity) VALUES (184, 143, 2, 2);
INSERT INTO public.ordered_products (orders_id, products_id, historical_price, quantity) VALUES (185, 144, 1.1, 3);
INSERT INTO public.ordered_products (orders_id, products_id, historical_price, quantity) VALUES (186, 145, 1, 2);
INSERT INTO public.ordered_products (orders_id, products_id, historical_price, quantity) VALUES (187, 146, 1.1, 3);
INSERT INTO public.ordered_products (orders_id, products_id, historical_price, quantity) VALUES (188, 147, 2, 2);
INSERT INTO public.ordered_products (orders_id, products_id, historical_price, quantity) VALUES (189, 148, 3, 2);
INSERT INTO public.ordered_products (orders_id, products_id, historical_price, quantity) VALUES (190, 149, 4, 2);




































